-- phpMyAdmin SQL Dump
-- version 5.2.2
-- https://www.phpmyadmin.net/
--
-- Host: mariadb:3306
-- Generation Time: May 05, 2025 at 10:32 PM
-- Server version: 11.7.2-MariaDB-ubu2404
-- PHP Version: 8.2.27

SET SQL_MODE = "NO_AUTO_VALUE_ON_ZERO";
START TRANSACTION;
SET time_zone = "+00:00";


/*!40101 SET @OLD_CHARACTER_SET_CLIENT=@@CHARACTER_SET_CLIENT */;
/*!40101 SET @OLD_CHARACTER_SET_RESULTS=@@CHARACTER_SET_RESULTS */;
/*!40101 SET @OLD_COLLATION_CONNECTION=@@COLLATION_CONNECTION */;
/*!40101 SET NAMES utf8mb4 */;

--
-- Database: `thesis_dev`
--

-- --------------------------------------------------------

--
-- Table structure for table `actions`
--

CREATE TABLE `actions` (
  `id` int(11) NOT NULL,
  `name` varchar(255) NOT NULL,
  `count` int(11) NOT NULL DEFAULT 1
) ENGINE=InnoDB DEFAULT CHARSET=utf8mb4 COLLATE=utf8mb4_general_ci;

--
-- Dumping data for table `actions`
--

INSERT INTO `actions` (`id`, `name`, `count`) VALUES
(1, 'add', 75),
(2, 'bake', 73),
(3, 'mix', 43),
(4, 'beat', 37),
(5, 'combine', 25),
(6, 'sprinkle', 16),
(7, 'stir', 15),
(8, 'place', 14),
(9, 'cool', 13),
(10, 'pour into', 12),
(11, 'pour over', 10),
(12, 'cover', 10),
(13, 'cream', 9),
(14, 'grease', 9),
(15, 'heat', 9),
(16, 'spread', 8),
(17, 'sift', 8),
(18, 'beat in', 7),
(19, 'cook', 7),
(20, 'cut', 7),
(21, 'stir in', 7),
(22, 'melt', 7),
(23, 'remove', 7),
(24, 'preheat', 6),
(25, 'spoon into', 5),
(26, 'stir into', 5),
(27, 'top with', 5),
(28, 'refrigerate', 5),
(29, 'pour', 5),
(30, 'fill', 4),
(31, 'spread on', 4),
(32, 'top', 4),
(33, 'add to', 4),
(34, 'cut into', 4),
(35, 'sprinkle over', 4),
(36, 'layer', 4),
(37, 'whisk', 4),
(38, 'ice', 3),
(39, 'fold in', 3),
(40, 'place on', 3),
(41, 'drizzle over', 3),
(42, 'chill', 3),
(43, 'reserve', 3),
(44, 'spread over', 3),
(45, 'boil', 3),
(46, 'line', 3),
(47, 'let rise', 3),
(48, 'drop', 3),
(49, 'drain', 3),
(50, 'remove from', 3),
(51, 'cover with', 3),
(52, 'toss', 3),
(53, 'spread in', 2),
(54, 'spoon', 2),
(55, 'microwave', 2),
(56, 'store', 2),
(57, 'arrange over', 2),
(58, 'brush with', 2),
(59, 'dust', 2),
(60, 'sprinkle with', 2),
(61, 'drop onto', 2),
(62, 'spoon over', 2),
(63, 'punch down', 2),
(64, 'let stand', 2),
(65, 'knead', 2),
(66, 'dot', 2),
(67, 'peel', 2),
(68, 'spray', 2),
(69, 'trim', 2),
(70, 'drizzle with', 2),
(71, 'sauté', 2),
(72, 'turn into', 2),
(73, 'prick', 2),
(74, 'turn', 2),
(75, 'slice', 2),
(76, 'mix in', 2),
(77, 'roll up', 2),
(78, 'brush', 2),
(79, 'serve', 2),
(80, 'roast', 2),
(81, 'pipe over', 1),
(82, 'garnish', 1),
(83, 'prepare', 1),
(84, 'set aside', 1),
(85, 'drizzle', 1),
(86, 'let rest', 1),
(87, 'dissolve', 1),
(88, 'shape', 1),
(89, 'remove onto', 1),
(90, 'refrig.', 1),
(91, 'break up', 1),
(92, 'fold into', 1),
(93, 'cream cheese', 1),
(94, 'seperate', 1),
(95, 'weigh down', 1),
(96, 'turn over', 1),
(97, 'invert onto', 1),
(98, 'pinch', 1),
(99, 'roll into', 1),
(100, 'reduce', 1),
(101, 'basting', 1),
(102, 'coating', 1),
(103, 'measure into', 1),
(104, 'measure', 1),
(105, 'blot', 1),
(106, 'par-bake', 1),
(107, 'simmer', 1),
(108, 'spread along', 1),
(109, 'layer in', 1),
(110, 'cut apart', 1),
(111, 'put in', 1),
(112, 'lay', 1),
(113, 'tie', 1),
(114, 'blend in', 1),
(115, 'blend into', 1),
(116, 'put on', 1),
(117, 'brush top', 1),
(118, 'tear', 1),
(119, 'let brown', 1),
(120, 'make', 1),
(121, 'let cool', 1),
(122, 'wrap', 1),
(123, 'place in', 1),
(124, 'pipe around', 1),
(125, 'make indentations', 1),
(126, 'pat into', 1),
(127, 'turn out', 1),
(128, 'attach', 1),
(129, 'cut off', 1),
(130, 'peel off', 1),
(131, 'fold', 1),
(132, 'blend', 1),
(133, 'lower temp', 1),
(134, 'crumble over', 1),
(135, 'crumble', 1),
(136, 'precook', 1),
(137, 'wedge', 1),
(138, 'scoop', 1),
(139, 'sprinkle generously', 1),
(140, 'break', 1),
(141, 'season', 1),
(142, 'turn off and leave in', 1),
(143, 'uncover', 1),
(144, 'coat', 1),
(145, 'arrange', 1),
(146, 'serve with', 1),
(147, 'brown', 1),
(148, 'pour off', 1),
(149, 'press into', 1),
(150, 'soften', 1),
(151, 'sprinkle on', 1),
(152, 'fit into', 1),
(153, 'scrape into', 1),
(154, 'place over', 1),
(155, 'seal', 1),
(156, 'flute', 1),
(157, 'form', 1),
(158, 'press', 1),
(159, 'thaw', 1),
(160, 'invert', 1);

-- --------------------------------------------------------

--
-- Table structure for table `cuts`
--

CREATE TABLE `cuts` (
  `id` int(11) NOT NULL,
  `name` varchar(255) NOT NULL
) ENGINE=InnoDB DEFAULT CHARSET=utf8mb4 COLLATE=utf8mb4_general_ci;

-- --------------------------------------------------------

--
-- Table structure for table `equipment`
--

CREATE TABLE `equipment` (
  `id` int(11) NOT NULL,
  `name` varchar(255) NOT NULL,
  `count` int(11) NOT NULL DEFAULT 1
) ENGINE=InnoDB DEFAULT CHARSET=utf8mb4 COLLATE=utf8mb4_general_ci;

--
-- Dumping data for table `equipment`
--

INSERT INTO `equipment` (`id`, `name`, `count`) VALUES
(1, 'oven', 25),
(2, 'bowl', 25),
(3, 'pan', 16),
(4, 'dish', 5),
(5, 'saucepan', 4),
(6, 'sheet', 4),
(7, 'baking dish', 4),
(8, 'cups', 3),
(9, 'spoon', 3),
(10, 'fork', 3),
(11, 'casserole', 3),
(12, 'sheets', 3),
(13, 'foil', 3),
(14, 'tube pan', 2),
(15, 'pans', 2),
(16, 'electric mixer', 2),
(17, 'cookie sheet', 2),
(18, 'rack', 2),
(19, 'wax paper', 2),
(20, 'whisk', 2),
(21, 'parchment', 2),
(22, 'wire rack', 2),
(23, 'water', 2),
(24, 'pie plate', 2),
(25, 'waxed paper', 2),
(26, 'bundt pan', 1),
(27, 'refrig.', 1),
(28, 'muffin pan cups', 1),
(29, 'cooking spray', 1),
(30, 'cake pans', 1),
(31, 'mixer', 1),
(32, 'cake pan', 1),
(33, 'roasting pan', 1),
(34, 'muffin-pan cups', 1),
(35, 'muffin cups', 1),
(36, 'spring-form pan', 1),
(37, 'book', 1),
(38, 'plastic bag', 1),
(39, 'hand', 1),
(40, 'refrigerator', 1),
(41, 'blender', 1),
(42, 'cutting board', 1),
(43, 'wooden spoon', 1),
(44, 'Classic Batter Bowl', 1),
(45, 'Small Micro-Cooker', 1),
(46, 'pastry tool', 1),
(47, 'Baker\'s Roller', 1),
(48, 'Deep Dish Pie Plate', 1),
(49, 'plate', 1),
(50, 'plastic wrap', 1),
(51, 'greased dish', 1),
(52, 'pastry blender', 1),
(53, 'cookie sheets', 1),
(54, 'knuckle', 1),
(55, 'measuring cup', 1),
(56, 'casserole dish', 1),
(57, 'surface', 1),
(58, 'open star tip', 1),
(59, 'Easy Accent Decorator', 1),
(60, 'pyrex pan', 1),
(61, 'paper', 1),
(62, 'electic mixer', 1),
(63, 'ice cream scoop', 1),
(64, 'foil liners', 1),
(65, 'muffin tin', 1),
(66, 'rubber spatula', 1),
(67, 'muffin tins', 1),
(68, 'brown paper', 1),
(69, 'shallow dish', 1),
(70, 'wet hands', 1),
(71, 'heaping teaspoon', 1),
(72, 'prepared sheet', 1),
(73, 'cooling sheet', 1),
(74, 'mixing bowl', 1),
(75, 'loaf pan', 1);

-- --------------------------------------------------------

--
-- Table structure for table `ingredients`
--

CREATE TABLE `ingredients` (
  `id` int(11) NOT NULL,
  `name` varchar(255) NOT NULL,
  `count` int(11) NOT NULL DEFAULT 1,
  `parent_id` int(11) DEFAULT NULL,
  `is_category` tinyint(1) DEFAULT 0,
  `is_canonical` tinyint(1) DEFAULT 0
) ENGINE=InnoDB DEFAULT CHARSET=utf8mb4 COLLATE=utf8mb4_general_ci;

--
-- Dumping data for table `ingredients`
--

INSERT INTO `ingredients` (`id`, `name`, `count`, `parent_id`, `is_category`, `is_canonical`) VALUES
(1, 'sugar', 50, NULL, 0, 0),
(2, 'flour', 45, NULL, 0, 0),
(3, 'eggs', 38, NULL, 0, 0),
(4, 'salt', 36, NULL, 0, 0),
(5, 'vanilla', 30, NULL, 0, 0),
(6, 'butter', 29, NULL, 0, 0),
(7, 'milk', 17, NULL, 0, 0),
(8, 'cinnamon', 14, NULL, 0, 0),
(9, 'egg', 14, NULL, 0, 0),
(10, 'soda', 13, NULL, 0, 0),
(11, 'powder', 13, NULL, 0, 0),
(12, 'brown sugar', 13, NULL, 0, 0),
(13, 'water', 11, NULL, 0, 0),
(14, 'oil', 10, NULL, 0, 0),
(15, 'sour cream', 9, NULL, 0, 0),
(16, 'cream cheese', 9, NULL, 0, 0),
(17, 'nuts', 9, NULL, 1, 0),
(18, 'shortening', 8, NULL, 0, 0),
(19, 'pepper', 7, NULL, 0, 0),
(20, 'pecans', 7, 17, 0, 0),
(21, 'cocoa', 5, NULL, 0, 0),
(22, 'lemon juice', 5, NULL, 0, 0),
(23, 'oleo', 5, NULL, 0, 0),
(24, 'walnuts', 5, 17, 0, 0),
(25, 'margarine', 5, NULL, 0, 0),
(26, '10x sugar', 4, NULL, 0, 1),
(27, 'nutmeg', 4, NULL, 0, 0),
(28, 'raisins', 4, NULL, 0, 0),
(29, 'baking powder', 4, NULL, 0, 1),
(30, 'garlic', 4, NULL, 0, 0),
(31, 'H2O', 4, NULL, 0, 0),
(32, 'coconut', 4, NULL, 0, 0),
(33, 'onion', 4, NULL, 0, 0),
(34, 'pineapple', 4, NULL, 0, 0),
(35, 'pumpkin', 3, NULL, 0, 0),
(36, 'buttermilk', 3, NULL, 0, 0),
(37, 'yeast', 3, NULL, 0, 0),
(38, 'apples', 3, NULL, 0, 0),
(39, 'ricotta', 3, NULL, 0, 0),
(40, 'swiss', 3, NULL, 0, 0),
(41, 'pie crust', 3, NULL, 0, 0),
(42, 'olive oil', 3, NULL, 0, 0),
(43, 'strawberries', 3, 100, 0, 0),
(44, 'ginger', 3, NULL, 0, 0),
(45, 'white sugar', 2, NULL, 0, 0),
(46, 'cheddar', 2, NULL, 0, 0),
(47, 'mayo', 2, NULL, 0, 0),
(48, 'heavy cream', 2, NULL, 0, 0),
(49, 'bacon', 2, NULL, 0, 0),
(50, 'paprika', 2, NULL, 0, 0),
(51, 'salsa', 2, NULL, 0, 0),
(52, 'coke', 2, NULL, 0, 0),
(53, 'powdered sugar', 2, NULL, 0, 0),
(54, 'Cool Whip', 2, NULL, 0, 0),
(55, 'unsalted butter', 2, NULL, 0, 0),
(56, 'meal', 2, NULL, 0, 0),
(57, 'b. powder', 2, NULL, 0, 0),
(58, 'parmesan', 2, NULL, 0, 0),
(59, 'pie shell', 2, NULL, 0, 0),
(60, 'orange rind', 2, NULL, 0, 0),
(61, 'rice', 2, NULL, 1, 0),
(62, 'orange', 2, NULL, 0, 0),
(63, 'sweet potatoes', 2, NULL, 0, 0),
(64, 'honey', 2, NULL, 0, 0),
(65, 'thyme', 2, NULL, 0, 0),
(66, 'cloves', 2, NULL, 0, 0),
(67, 'tomatoes', 2, NULL, 0, 0),
(68, 'almond paste', 2, NULL, 0, 0),
(69, 'yolks', 2, NULL, 0, 0),
(70, 'oats', 2, NULL, 0, 0),
(71, 'semi-sweet chips', 2, NULL, 0, 0),
(72, 'cornstarch', 2, NULL, 0, 0),
(73, 'almond extr.', 1, NULL, 0, 0),
(74, 'marshmallow cream', 1, NULL, 0, 0),
(75, 'pet', 1, NULL, 0, 0),
(76, 'lemon pepper', 1, NULL, 0, 0),
(77, 'raspberry jam', 1, NULL, 0, 0),
(78, 'ww flour', 1, NULL, 0, 0),
(79, 'white flour', 1, NULL, 0, 0),
(80, 'zucchini', 1, NULL, 0, 0),
(81, 'artichokes', 1, NULL, 0, 0),
(82, 'instant dry milk', 1, NULL, 0, 0),
(83, 'basil leaves', 1, NULL, 0, 0),
(84, 'orange marmalade', 1, NULL, 0, 0),
(85, 'chicken stock', 1, NULL, 0, 0),
(86, 'rosemary', 1, NULL, 0, 0),
(87, 'apple pie filling', 1, NULL, 0, 0),
(88, 'tenderloin', 1, NULL, 0, 0),
(89, 'grainy coarse mustard', 1, NULL, 0, 0),
(90, 'baby spinach', 1, NULL, 0, 0),
(91, 'p', 1, NULL, 0, 0),
(92, '7 up', 1, NULL, 0, 0),
(93, 'semi-sweet chocolate morsels', 1, NULL, 0, 0),
(94, 'DH pineapple supreme cake mix', 1, NULL, 0, 0),
(95, 'pineapple instant pudding mix', 1, NULL, 0, 0),
(96, 's', 1, NULL, 0, 0),
(97, 'granulated sugar', 1, NULL, 0, 0),
(98, 'applesauce', 1, NULL, 0, 0),
(99, 'baking soda', 1, NULL, 0, 0),
(100, 'berries', 1, NULL, 1, 0),
(101, 'semi-sweet chocolate', 1, NULL, 0, 0),
(102, 'puff pastry tarts', 1, NULL, 0, 0),
(103, 'Pillsbury Thick n\' Fudgy Hot Fudge Swirl Deluxe Brownie Mix', 1, NULL, 0, 0),
(104, 'mascarpone', 1, NULL, 0, 0),
(105, 'liquer', 1, NULL, 0, 0),
(106, 'chicken breast halves', 1, NULL, 0, 0),
(107, 'white rice', 1, 61, 0, 0),
(108, 'corn syrup', 1, NULL, 0, 0),
(109, 'cream of mushroom soup', 1, NULL, 0, 0),
(110, 'chicken fajita strips', 1, NULL, 0, 0),
(111, 'graham crumbs', 1, NULL, 0, 0),
(112, 'devil\'s food cake mix', 1, NULL, 0, 0),
(113, 'mini-marshmallows', 1, NULL, 0, 0),
(114, 'whipping cream', 1, NULL, 0, 0),
(115, '10x', 1, NULL, 0, 0),
(116, 'pumpkin pie spice', 1, NULL, 0, 0),
(117, 'golden vanilla cake mix', 1, NULL, 0, 0),
(118, 'evap. milk', 1, NULL, 0, 0),
(119, 'flour tortillas', 1, NULL, 0, 0),
(120, 'lettuce', 1, NULL, 0, 0),
(121, 'tomato', 1, NULL, 0, 0),
(122, 'jack and colby cheese', 1, NULL, 0, 0),
(123, 'frozen whipped topping', 1, NULL, 0, 0),
(124, 'banana', 1, NULL, 0, 0),
(125, 'oregano', 1, NULL, 0, 0),
(126, 'garlic powder', 1, NULL, 0, 0),
(127, 'white chocolate instant pudding and pie filling', 1, NULL, 0, 0),
(128, 'milk chocolate morsels', 1, NULL, 0, 0),
(129, 'pecan', 1, 17, 0, 0),
(130, 'vanilla pudding', 1, NULL, 0, 0),
(131, 'graham crust', 1, NULL, 0, 0),
(132, 'toppings', 1, NULL, 0, 0),
(133, 'basil', 1, NULL, 0, 1),
(134, 'almond extract', 1, NULL, 0, 1),
(135, 'cr. of tartar', 1, NULL, 0, 0),
(136, 'dates', 1, NULL, 0, 0),
(137, 'whites', 1, NULL, 0, 0),
(138, 'wellflour', 1, NULL, 0, 0),
(139, 'bananas', 1, NULL, 0, 0),
(140, 'creamed corn', 1, NULL, 0, 0),
(141, 'catsup', 1, NULL, 0, 0),
(142, 'worcestershire sauce', 1, NULL, 0, 0),
(143, 'vinegar', 1, NULL, 0, 0),
(144, 'country-style spareribs', 1, NULL, 0, 0),
(145, 'celery salt', 1, NULL, 0, 0),
(146, 'mozzarella', 1, NULL, 0, 0),
(147, 'salmon filets', 1, NULL, 0, 0),
(148, 'puff pastry', 1, NULL, 0, 0),
(149, 'mini marshmallows', 1, NULL, 0, 0),
(150, 'white bread', 1, NULL, 0, 0),
(151, 'tabasco', 1, NULL, 0, 0),
(152, 'marachino cherries', 1, NULL, 0, 0),
(153, 'vidalia onions', 1, NULL, 0, 0),
(154, 'farina', 1, NULL, 0, 0),
(155, 'unsweetened pineapple chunks', 1, NULL, 0, 0),
(156, 'sharp cheddar', 1, NULL, 0, 0),
(157, 'Ritz crackers', 1, NULL, 0, 0),
(158, 'cherry pie filling', 1, NULL, 0, 0),
(159, 'grey poupon', 1, NULL, 0, 0),
(160, 'italian seasoning', 1, NULL, 0, 0),
(161, 'creamed spinach', 1, NULL, 0, 0),
(162, 'red-skinned potatoes', 1, NULL, 0, 0),
(163, 'french vanilla instant pudding', 1, NULL, 0, 0),
(164, 'poppy filling', 1, NULL, 0, 0),
(165, 'green peppers', 1, NULL, 0, 0),
(166, 'pimiento', 1, NULL, 0, 0),
(167, 'egg noodles', 1, NULL, 0, 0),
(168, 'cottage cheese', 1, NULL, 0, 0),
(169, 'mushrooms', 1, NULL, 0, 0),
(170, 'potatoes', 1, NULL, 0, 0),
(171, 'green beans', 1, NULL, 0, 0),
(172, 'kosher salt', 1, NULL, 0, 0),
(173, 'parm-reg', 1, NULL, 0, 0),
(174, 'vanilla wafers', 1, NULL, 0, 0),
(175, 'sr. cream', 1, NULL, 0, 0),
(176, 'pears', 1, NULL, 0, 0),
(177, 'carrot', 1, NULL, 0, 0),
(178, 'blackberries', 1, 100, 0, 0),
(179, 'raspberries', 1, 100, 0, 0),
(180, 'tomato sauce', 1, NULL, 0, 0),
(181, 'eggplant', 1, NULL, 0, 0),
(182, 'evaporated milk', 1, NULL, 0, 0),
(183, 'bread', 1, NULL, 0, 0),
(184, 'shredded wheat biscuit', 1, NULL, 0, 0),
(185, 'seasoned bread crumbs', 1, NULL, 0, 0),
(186, 'tomato soup', 1, NULL, 0, 0),
(187, 'shredded cheddar', 1, NULL, 0, 0),
(188, 'gran. sugar', 1, NULL, 0, 0),
(189, 'canned pumpkin', 1, NULL, 0, 0),
(190, 'oj concentrate', 1, NULL, 0, 0),
(191, 'orange zest', 1, NULL, 0, 0),
(192, 'lt. brown sugar', 1, 12, 1, 0),
(193, 'ground beef', 1, NULL, 0, 0),
(194, 'unstalt. butter', 1, NULL, 0, 0),
(195, 'sweet orange marmalade', 1, NULL, 0, 0),
(196, 'zest', 1, NULL, 0, 0),
(197, 'rhubarb', 1, NULL, 0, 0),
(198, 'orange juice', 1, NULL, 0, 0),
(199, 'pignolis', 1, NULL, 0, 0),
(200, 'egg whites', 1, NULL, 0, 0),
(201, 'lemon peel', 1, NULL, 0, 0),
(202, 'mushroom soup', 1, NULL, 0, 0),
(203, 'cheese whiz', 1, NULL, 0, 0),
(204, 'celery', 1, NULL, 0, 0),
(205, 'broccoli', 1, NULL, 0, 0),
(206, 'pimientos', 1, NULL, 0, 0),
(207, 'cherries', 1, NULL, 0, 0),
(208, 'choc. chips', 1, NULL, 0, 0),
(209, 'cranberries', 1, 100, 0, 0);

-- --------------------------------------------------------

--
-- Table structure for table `ingredient_equivalents`
--

CREATE TABLE `ingredient_equivalents` (
  `id` int(11) NOT NULL,
  `canonical_id` int(11) NOT NULL,
  `variant_id` int(11) NOT NULL
) ENGINE=InnoDB DEFAULT CHARSET=utf8mb4 COLLATE=utf8mb4_general_ci;

--
-- Dumping data for table `ingredient_equivalents`
--

INSERT INTO `ingredient_equivalents` (`id`, `canonical_id`, `variant_id`) VALUES
(23, 26, 115),
(24, 134, 73),
(25, 29, 57),
(26, 133, 83),
(27, 3, 9),
(28, 182, 118),
(29, 1, 45),
(30, 1, 97),
(31, 1, 188),
(32, 149, 113),
(33, 19, 91),
(34, 41, 59),
(35, 206, 166),
(36, 29, 11),
(37, 4, 96),
(38, 93, 71),
(39, 99, 10),
(40, 67, 121),
(41, 48, 114),
(42, 13, 31),
(43, 200, 137);

-- --------------------------------------------------------

--
-- Table structure for table `len_units`
--

CREATE TABLE `len_units` (
  `id` int(11) NOT NULL,
  `name` varchar(255) NOT NULL,
  `count` int(11) NOT NULL DEFAULT 1
) ENGINE=InnoDB DEFAULT CHARSET=utf8mb4 COLLATE=utf8mb4_general_ci;

--
-- Dumping data for table `len_units`
--

INSERT INTO `len_units` (`id`, `name`, `count`) VALUES
(1, 'in', 8);

-- --------------------------------------------------------

--
-- Table structure for table `mass_units`
--

CREATE TABLE `mass_units` (
  `id` int(11) NOT NULL,
  `name` varchar(255) NOT NULL,
  `count` int(11) NOT NULL DEFAULT 1
) ENGINE=InnoDB DEFAULT CHARSET=utf8mb4 COLLATE=utf8mb4_general_ci;

--
-- Dumping data for table `mass_units`
--

INSERT INTO `mass_units` (`id`, `name`, `count`) VALUES
(1, 'oz', 20),
(2, 'lb', 10);

-- --------------------------------------------------------

--
-- Table structure for table `recipes`
--

CREATE TABLE `recipes` (
  `id` int(11) NOT NULL,
  `object_id` varchar(24) NOT NULL,
  `name` varchar(255) NOT NULL
) ENGINE=InnoDB DEFAULT CHARSET=utf8mb4 COLLATE=utf8mb4_general_ci;

--
-- Dumping data for table `recipes`
--

INSERT INTO `recipes` (`id`, `object_id`, `name`) VALUES
(1, '681276c2e0c1e8a818d861e4', 'Artichoke Bread'),
(2, '681276c2e0c1e8a818d86209', 'Mississippi Mud Cake'),
(3, '681276c2e0c1e8a818d861f7', 'Cream Cheese Brownie Pie'),
(4, '681276c2e0c1e8a818d86217', 'Potatoes Au Gratin'),
(5, '681276c2e0c1e8a818d86205', 'Italian Cream Tarts'),
(6, '681276c2e0c1e8a818d8622b', 'Zucchini Bread'),
(7, '681276c2e0c1e8a818d8620a', 'Neopolitan Cookies'),
(8, '681276c2e0c1e8a818d8620c', 'No Crust Pie'),
(9, '681276c2e0c1e8a818d861eb', 'Buttermilk Pie'),
(10, '681276c2e0c1e8a818d8620e', 'Oatmeal Cookies'),
(11, '681276c2e0c1e8a818d861ef', 'Cheesecake'),
(12, '681276c2e0c1e8a818d86227', 'Toll House Cookies'),
(13, '681276c2e0c1e8a818d861fd', 'Easy Refrigerator Rolls'),
(14, '681276c2e0c1e8a818d86219', 'Pumpkin Muffins'),
(15, '681276c2e0c1e8a818d861e0', '7 Up Cake'),
(16, '681276c2e0c1e8a818d86223', 'Spinach and Bacon Quiche'),
(17, '681276c2e0c1e8a818d861e2', 'Apple Coffee Cake'),
(18, '681276c2e0c1e8a818d86215', 'Pork Tenderloin'),
(19, '681276c2e0c1e8a818d86228', 'Tomato Pie'),
(20, '681276c2e0c1e8a818d861f2', 'Chocolate Chip Muffins'),
(21, '681276c2e0c1e8a818d8621c', 'Raw Apple Cake'),
(22, '681276c2e0c1e8a818d861e7', 'Barbecued Country-Style Spareribs'),
(23, '681276c2e0c1e8a818d86211', 'Pecan Pie'),
(24, '681276c2e0c1e8a818d861f3', 'Coke Cake'),
(25, '681276c2e0c1e8a818d8620f', 'One-dish Chicken and Rice'),
(26, '681276c2e0c1e8a818d86202', 'Graham Streusel Cake'),
(27, '681276c2e0c1e8a818d8621b', 'Quick and Cheesy Chicken Enchilladas'),
(28, '681276c2e0c1e8a818d8621a', 'Pumpkin Praline Dessert'),
(29, '681276c2e0c1e8a818d8620b', 'New York Luncheonette Corn Muffins'),
(30, '681276c2e0c1e8a818d861e8', 'Batter Buns'),
(31, '681276c2e0c1e8a818d86204', 'Italian Cheesecake'),
(32, '681276c2e0c1e8a818d861ed', 'Caramel Pecan Rolls'),
(33, '681276c2e0c1e8a818d861e5', 'Banana Split Pie'),
(34, '681276c2e0c1e8a818d861fc', 'Easy Foccacia Bread'),
(35, '681276c2e0c1e8a818d861e3', 'Apple Crisp'),
(36, '681276c2e0c1e8a818d861fb', 'Double Layer Pumpkin Pie'),
(37, '681276c2e0c1e8a818d86222', 'Sparkling Macaroon Chews'),
(38, '681276c2e0c1e8a818d861f9', 'Date-Nut Bread'),
(39, '681276c2e0c1e8a818d8621f', 'Scones'),
(40, '681276c2e0c1e8a818d861e6', 'Banana Walnut Bread'),
(41, '681276c2e0c1e8a818d861f4', 'Corn Pudding'),
(42, '681276c2e0c1e8a818d861ec', 'Candied Yams'),
(43, '681276c2e0c1e8a818d8621e', 'Salmon Wellington'),
(44, '681276c2e0c1e8a818d861ee', 'Carrot Cake'),
(45, '681276c2e0c1e8a818d8622a', 'Vidalia Onion Pie'),
(46, '681276c2e0c1e8a818d861f5', 'Cornbread'),
(47, '681276c2e0c1e8a818d861ff', 'Farina Pie'),
(48, '681276c2e0c1e8a818d86213', 'Pineapple Cheese Dish'),
(49, '681276c2e0c1e8a818d861f1', 'Cherry Pie Supreme'),
(50, '681276c2e0c1e8a818d86203', 'Herb-Roasted Potatoes Poupon'),
(51, '681276c2e0c1e8a818d86229', 'Victory Sheet Cake'),
(52, '681276c2e0c1e8a818d86214', 'Poppy Farm Cake'),
(53, '681276c2e0c1e8a818d86226', 'Swiss-Stuffed Green Peppers'),
(54, '681276c2e0c1e8a818d8620d', 'Noodle Pudding'),
(55, '681276c2e0c1e8a818d86220', 'Secret Recipe Chocolate Chip Cookies'),
(56, '681276c2e0c1e8a818d8621d', 'Roasted Potatoes and Green Beans'),
(57, '681276c2e0c1e8a818d86207', 'Mini Cheesecakes'),
(58, '681276c2e0c1e8a818d861f0', 'Cheesecake'),
(59, '681276c2e0c1e8a818d86210', 'Pear-Berry Pie'),
(60, '681276c2e0c1e8a818d861fe', 'Eggplant Casserole'),
(61, '681276c2e0c1e8a818d861f8', 'Crunch-Topped French Toast'),
(62, '681276c2e0c1e8a818d861e9', 'Beef Taco Bake'),
(63, '681276c2e0c1e8a818d86206', 'Lemon Bars'),
(64, '681276c2e0c1e8a818d86216', 'Pot Cheese Cookies'),
(65, '681276c2e0c1e8a818d861e1', 'Apple Cake'),
(66, '681276c2e0c1e8a818d86221', 'Sour Cream Coffee Cake'),
(67, '681276c2e0c1e8a818d86225', 'Sweet Potato-Pineapple Bake'),
(68, '681276c2e0c1e8a818d86218', 'Pumpkin Cookies'),
(69, '681276c2e0c1e8a818d86208', 'Mini-Orange Crumble Top Muffins with Orange Butter'),
(70, '681276c2e0c1e8a818d86201', 'Gold Loaf Cake'),
(71, '681276c2e0c1e8a818d86224', 'Strawberry-Rhubarb Pie'),
(72, '681276c2e0c1e8a818d86212', 'Pine Nut Macaroons'),
(73, '681276c2e0c1e8a818d861ea', 'Broccoli Casserole'),
(74, '681276c2e0c1e8a818d86200', 'Fruit Cake'),
(75, '681276c2e0c1e8a818d861fa', 'Double Chocolate Oatmeal Cookies'),
(76, '681276c2e0c1e8a818d861f6', 'Cranberry Nut Bread');

-- --------------------------------------------------------

--
-- Table structure for table `recipe_actions`
--

CREATE TABLE `recipe_actions` (
  `id` int(11) NOT NULL,
  `recipe_id` int(11) NOT NULL,
  `action_id` int(11) NOT NULL
) ENGINE=InnoDB DEFAULT CHARSET=utf8mb4 COLLATE=utf8mb4_general_ci;

--
-- Dumping data for table `recipe_actions`
--

INSERT INTO `recipe_actions` (`id`, `recipe_id`, `action_id`) VALUES
(3, 1, 2),
(1, 1, 3),
(2, 1, 31),
(4, 1, 82),
(7, 2, 1),
(8, 2, 1),
(10, 2, 2),
(9, 2, 10),
(5, 2, 13),
(6, 2, 22),
(12, 2, 22),
(11, 2, 31),
(13, 2, 44),
(26, 3, 2),
(17, 3, 4),
(21, 3, 4),
(16, 3, 5),
(20, 3, 5),
(25, 3, 6),
(28, 3, 7),
(30, 3, 9),
(14, 3, 15),
(24, 3, 32),
(29, 3, 41),
(19, 3, 43),
(22, 3, 53),
(23, 3, 54),
(27, 3, 55),
(31, 3, 56),
(15, 3, 83),
(18, 3, 84),
(36, 4, 2),
(35, 4, 16),
(34, 4, 21),
(33, 4, 23),
(32, 4, 45),
(39, 5, 1),
(48, 5, 1),
(40, 5, 4),
(49, 5, 4),
(37, 5, 5),
(38, 5, 7),
(41, 5, 7),
(46, 5, 9),
(44, 5, 10),
(45, 5, 12),
(43, 5, 21),
(51, 5, 22),
(42, 5, 23),
(50, 5, 30),
(47, 5, 42),
(52, 5, 81),
(53, 5, 90),
(61, 6, 2),
(56, 6, 3),
(57, 6, 5),
(59, 6, 5),
(60, 6, 10),
(54, 6, 24),
(55, 6, 68),
(58, 6, 76),
(62, 6, 79),
(67, 7, 1),
(74, 7, 1),
(75, 7, 1),
(78, 7, 2),
(70, 7, 3),
(68, 7, 4),
(71, 7, 4),
(76, 7, 7),
(77, 7, 10),
(82, 7, 12),
(63, 7, 14),
(65, 7, 14),
(80, 7, 16),
(89, 7, 16),
(69, 7, 18),
(91, 7, 20),
(85, 7, 22),
(84, 7, 28),
(87, 7, 28),
(90, 7, 28),
(86, 7, 31),
(81, 7, 32),
(64, 7, 46),
(79, 7, 89),
(66, 7, 91),
(72, 7, 92),
(73, 7, 94),
(83, 7, 95),
(88, 7, 96),
(93, 8, 2),
(92, 8, 3),
(95, 9, 1),
(97, 9, 1),
(99, 9, 2),
(98, 9, 3),
(96, 9, 4),
(94, 9, 13),
(101, 10, 1),
(104, 10, 2),
(102, 10, 3),
(100, 10, 4),
(103, 10, 48),
(106, 11, 1),
(108, 11, 1),
(109, 11, 1),
(111, 11, 1),
(114, 11, 2),
(107, 11, 3),
(110, 11, 4),
(112, 11, 4),
(115, 11, 9),
(113, 11, 11),
(105, 11, 93),
(121, 12, 1),
(124, 12, 2),
(126, 12, 2),
(119, 12, 4),
(117, 12, 5),
(118, 12, 5),
(128, 12, 9),
(125, 12, 16),
(120, 12, 18),
(127, 12, 20),
(122, 12, 21),
(116, 12, 24),
(123, 12, 61),
(130, 13, 1),
(132, 13, 1),
(133, 13, 3),
(131, 13, 4),
(134, 13, 8),
(136, 13, 8),
(135, 13, 12),
(140, 13, 12),
(138, 13, 23),
(137, 13, 63),
(141, 13, 86),
(129, 13, 87),
(139, 13, 88),
(142, 14, 2),
(145, 15, 2),
(143, 15, 3),
(144, 15, 10),
(146, 15, 19),
(147, 15, 38),
(148, 16, 5),
(150, 16, 29),
(149, 16, 36),
(160, 17, 2),
(153, 17, 3),
(154, 17, 4),
(155, 17, 4),
(161, 17, 4),
(156, 17, 10),
(151, 17, 15),
(158, 17, 35),
(157, 17, 62),
(152, 17, 68),
(159, 17, 85),
(168, 18, 1),
(169, 18, 2),
(163, 18, 3),
(170, 18, 3),
(162, 18, 20),
(166, 18, 40),
(167, 18, 58),
(172, 18, 62),
(171, 18, 107),
(164, 18, 108),
(165, 18, 113),
(178, 19, 2),
(177, 19, 12),
(175, 19, 59),
(174, 19, 105),
(173, 19, 106),
(176, 19, 109),
(186, 20, 2),
(181, 20, 3),
(182, 20, 4),
(180, 20, 14),
(179, 20, 15),
(185, 20, 25),
(183, 20, 26),
(184, 20, 39),
(187, 20, 110),
(189, 21, 1),
(188, 21, 19),
(190, 21, 111),
(194, 22, 2),
(200, 22, 2),
(195, 22, 5),
(198, 22, 11),
(191, 22, 24),
(196, 22, 45),
(193, 22, 57),
(197, 22, 100),
(201, 22, 101),
(199, 22, 102),
(192, 22, 112),
(203, 23, 1),
(204, 23, 2),
(202, 23, 7),
(208, 24, 1),
(209, 24, 2),
(205, 24, 3),
(207, 24, 11),
(211, 24, 11),
(206, 24, 22),
(210, 24, 22),
(212, 24, 38),
(217, 25, 2),
(213, 25, 3),
(215, 25, 6),
(216, 25, 12),
(214, 25, 40),
(218, 26, 3),
(219, 26, 4),
(221, 26, 6),
(223, 26, 6),
(220, 26, 29),
(222, 26, 29),
(231, 27, 2),
(233, 27, 2),
(225, 27, 3),
(224, 27, 5),
(226, 27, 8),
(228, 27, 8),
(230, 27, 12),
(232, 27, 23),
(229, 27, 27),
(234, 27, 27),
(227, 27, 77),
(240, 28, 2),
(237, 28, 6),
(238, 28, 6),
(236, 28, 10),
(239, 28, 11),
(235, 28, 37),
(249, 29, 2),
(243, 29, 3),
(244, 29, 13),
(242, 29, 14),
(241, 29, 15),
(245, 29, 18),
(246, 29, 18),
(248, 29, 25),
(247, 29, 26),
(251, 30, 1),
(254, 30, 1),
(256, 30, 1),
(260, 30, 2),
(257, 30, 4),
(255, 30, 5),
(252, 30, 7),
(258, 30, 25),
(259, 30, 47),
(250, 30, 103),
(253, 30, 104),
(262, 31, 1),
(263, 31, 1),
(266, 31, 2),
(261, 31, 3),
(264, 31, 3),
(267, 31, 9),
(265, 31, 10),
(275, 32, 1),
(282, 32, 2),
(286, 32, 2),
(268, 32, 7),
(273, 32, 7),
(279, 32, 8),
(287, 32, 9),
(269, 32, 10),
(284, 32, 28),
(278, 32, 34),
(270, 32, 35),
(274, 32, 35),
(281, 32, 47),
(280, 32, 51),
(283, 32, 51),
(285, 32, 64),
(276, 32, 77),
(272, 32, 78),
(288, 32, 97),
(277, 32, 98),
(271, 32, 99),
(301, 33, 1),
(292, 33, 2),
(310, 33, 6),
(290, 33, 8),
(297, 33, 8),
(293, 33, 9),
(304, 33, 16),
(294, 33, 22),
(289, 33, 24),
(307, 33, 30),
(299, 33, 37),
(300, 33, 37),
(302, 33, 37),
(303, 33, 39),
(309, 33, 41),
(295, 33, 43),
(296, 33, 44),
(298, 33, 55),
(305, 33, 57),
(291, 33, 73),
(308, 33, 124),
(306, 33, 128),
(326, 34, 1),
(327, 34, 2),
(311, 34, 7),
(315, 34, 8),
(321, 34, 8),
(317, 34, 12),
(319, 34, 24),
(318, 34, 47),
(320, 34, 63),
(314, 34, 65),
(324, 34, 73),
(316, 34, 74),
(312, 34, 76),
(325, 34, 117),
(323, 34, 125),
(322, 34, 126),
(313, 34, 127),
(334, 35, 2),
(329, 35, 3),
(331, 35, 3),
(333, 35, 41),
(328, 35, 75),
(332, 35, 116),
(330, 35, 123),
(339, 36, 1),
(335, 36, 3),
(340, 36, 4),
(336, 36, 21),
(342, 36, 28),
(338, 36, 29),
(337, 36, 31),
(341, 36, 44),
(348, 37, 2),
(344, 37, 4),
(343, 37, 17),
(346, 37, 39),
(347, 37, 48),
(349, 37, 50),
(345, 37, 114),
(352, 38, 1),
(350, 38, 3),
(351, 38, 3),
(357, 39, 1),
(364, 39, 2),
(353, 39, 5),
(356, 39, 5),
(358, 39, 7),
(361, 39, 8),
(354, 39, 34),
(360, 39, 34),
(359, 39, 65),
(363, 39, 78),
(355, 39, 115),
(362, 39, 120),
(367, 40, 1),
(369, 40, 1),
(373, 40, 1),
(374, 40, 2),
(366, 40, 4),
(368, 40, 4),
(370, 40, 4),
(365, 40, 5),
(371, 40, 17),
(372, 40, 26),
(379, 41, 2),
(376, 41, 3),
(377, 41, 29),
(378, 41, 66),
(375, 41, 118),
(382, 42, 1),
(381, 42, 2),
(380, 42, 36),
(383, 42, 119),
(388, 43, 2),
(385, 43, 27),
(384, 43, 40),
(387, 43, 58),
(386, 43, 122),
(390, 44, 1),
(391, 44, 1),
(392, 44, 1),
(394, 44, 1),
(395, 44, 2),
(389, 44, 3),
(393, 44, 3),
(398, 45, 1),
(399, 45, 1),
(402, 45, 2),
(403, 45, 2),
(397, 45, 5),
(401, 45, 6),
(400, 45, 10),
(396, 45, 71),
(405, 46, 1),
(407, 46, 2),
(406, 46, 4),
(404, 46, 5),
(409, 47, 1),
(411, 47, 1),
(416, 47, 1),
(420, 47, 2),
(415, 47, 3),
(413, 47, 4),
(418, 47, 4),
(417, 47, 5),
(410, 47, 19),
(414, 47, 33),
(419, 47, 33),
(408, 47, 45),
(412, 47, 121),
(428, 48, 2),
(422, 48, 5),
(423, 48, 5),
(421, 48, 14),
(424, 48, 26),
(427, 48, 70),
(425, 48, 72),
(426, 48, 134),
(430, 49, 2),
(435, 49, 2),
(433, 49, 4),
(436, 49, 9),
(434, 49, 11),
(438, 49, 30),
(431, 49, 50),
(429, 49, 53),
(437, 49, 54),
(432, 49, 133),
(441, 50, 2),
(439, 50, 3),
(440, 50, 33),
(443, 51, 2),
(442, 51, 3),
(445, 52, 1),
(446, 52, 1),
(450, 52, 1),
(453, 52, 2),
(447, 52, 4),
(454, 52, 9),
(452, 52, 10),
(444, 52, 13),
(449, 52, 17),
(455, 52, 50),
(457, 52, 59),
(456, 52, 130),
(451, 52, 131),
(448, 52, 132),
(470, 53, 2),
(467, 53, 5),
(463, 53, 19),
(466, 53, 19),
(459, 53, 23),
(468, 53, 25),
(461, 53, 49),
(464, 53, 49),
(469, 53, 60),
(458, 53, 129),
(465, 53, 135),
(460, 53, 136),
(462, 53, 139),
(472, 54, 1),
(473, 54, 2),
(471, 54, 14),
(477, 55, 1),
(480, 55, 1),
(483, 55, 2),
(481, 55, 3),
(478, 55, 4),
(475, 55, 5),
(476, 55, 13),
(474, 55, 15),
(479, 55, 26),
(482, 55, 138),
(493, 56, 1),
(497, 56, 19),
(484, 56, 20),
(485, 56, 20),
(491, 56, 52),
(496, 56, 60),
(487, 56, 67),
(488, 56, 69),
(490, 56, 70),
(492, 56, 80),
(495, 56, 80),
(486, 56, 137),
(489, 56, 140),
(494, 56, 141),
(501, 57, 1),
(504, 57, 2),
(500, 57, 3),
(502, 57, 3),
(499, 57, 8),
(503, 57, 11),
(505, 57, 23),
(507, 57, 32),
(506, 57, 42),
(498, 57, 46),
(509, 58, 1),
(513, 58, 2),
(511, 58, 3),
(508, 58, 4),
(510, 58, 4),
(512, 58, 10),
(514, 58, 142),
(516, 59, 1),
(515, 59, 5),
(536, 60, 2),
(538, 60, 2),
(523, 60, 3),
(526, 60, 6),
(529, 60, 6),
(533, 60, 6),
(534, 60, 6),
(519, 60, 8),
(532, 60, 11),
(522, 60, 14),
(521, 60, 15),
(527, 60, 27),
(530, 60, 27),
(531, 60, 32),
(525, 60, 36),
(528, 60, 36),
(524, 60, 43),
(535, 60, 51),
(520, 60, 64),
(517, 60, 67),
(518, 60, 75),
(537, 60, 143),
(540, 61, 4),
(546, 61, 5),
(542, 61, 11),
(543, 61, 12),
(547, 61, 35),
(544, 61, 42),
(548, 61, 52),
(545, 61, 74),
(539, 61, 144),
(541, 61, 145),
(549, 61, 146),
(552, 62, 1),
(555, 62, 2),
(556, 62, 6),
(554, 62, 12),
(553, 62, 25),
(550, 62, 147),
(551, 62, 148),
(561, 63, 1),
(559, 63, 2),
(564, 63, 2),
(557, 63, 3),
(565, 63, 6),
(560, 63, 7),
(562, 63, 7),
(563, 63, 11),
(566, 63, 20),
(558, 63, 149),
(569, 64, 1),
(570, 64, 1),
(572, 64, 1),
(573, 64, 2),
(568, 64, 3),
(571, 64, 3),
(574, 64, 38),
(567, 64, 150),
(576, 66, 1),
(578, 66, 1),
(580, 66, 6),
(582, 66, 6),
(575, 66, 13),
(579, 66, 16),
(581, 66, 16),
(577, 66, 17),
(586, 67, 1),
(588, 67, 1),
(591, 67, 2),
(593, 67, 2),
(585, 67, 4),
(587, 67, 7),
(589, 67, 7),
(584, 67, 14),
(583, 67, 15),
(590, 67, 16),
(592, 67, 34),
(595, 68, 1),
(597, 68, 1),
(600, 68, 2),
(594, 68, 13),
(596, 68, 17),
(598, 68, 21),
(599, 68, 61),
(604, 69, 1),
(608, 69, 2),
(603, 69, 4),
(606, 69, 5),
(609, 69, 9),
(601, 69, 14),
(602, 69, 17),
(605, 69, 30),
(607, 69, 151),
(614, 70, 1),
(616, 70, 2),
(610, 70, 13),
(613, 70, 17),
(611, 70, 18),
(612, 70, 18),
(615, 70, 18),
(628, 71, 2),
(619, 71, 5),
(629, 71, 9),
(627, 71, 20),
(617, 71, 24),
(620, 71, 52),
(622, 71, 66),
(625, 71, 69),
(630, 71, 79),
(618, 71, 152),
(621, 71, 153),
(623, 71, 154),
(624, 71, 155),
(626, 71, 156),
(638, 72, 2),
(634, 72, 4),
(633, 72, 8),
(637, 72, 8),
(639, 72, 9),
(631, 72, 15),
(632, 72, 46),
(640, 72, 56),
(635, 72, 157),
(636, 72, 158),
(642, 73, 1),
(647, 73, 2),
(646, 73, 3),
(641, 73, 19),
(645, 73, 49),
(643, 73, 71),
(644, 73, 159),
(649, 74, 1),
(651, 74, 1),
(653, 74, 1),
(654, 74, 2),
(652, 74, 3),
(650, 74, 4),
(648, 74, 13),
(659, 75, 2),
(656, 75, 3),
(655, 75, 15),
(657, 75, 21),
(660, 75, 23),
(658, 75, 48),
(662, 76, 1),
(668, 76, 1),
(670, 76, 2),
(663, 76, 3),
(661, 76, 4),
(667, 76, 7),
(672, 76, 9),
(665, 76, 17),
(664, 76, 21),
(666, 76, 33),
(669, 76, 72),
(671, 76, 160);

-- --------------------------------------------------------

--
-- Table structure for table `recipe_equipment`
--

CREATE TABLE `recipe_equipment` (
  `id` int(11) NOT NULL,
  `recipe_id` int(11) NOT NULL,
  `equipment_id` int(11) NOT NULL
) ENGINE=InnoDB DEFAULT CHARSET=utf8mb4 COLLATE=utf8mb4_general_ci;

--
-- Dumping data for table `recipe_equipment`
--

INSERT INTO `recipe_equipment` (`id`, `recipe_id`, `equipment_id`) VALUES
(1, 2, 3),
(2, 3, 1),
(5, 3, 2),
(4, 3, 3),
(3, 3, 9),
(6, 3, 27),
(10, 4, 1),
(7, 4, 5),
(8, 4, 10),
(9, 4, 11),
(12, 5, 2),
(11, 5, 5),
(13, 6, 1),
(16, 6, 2),
(17, 6, 2),
(18, 6, 3),
(15, 6, 14),
(14, 6, 26),
(21, 7, 2),
(22, 7, 2),
(24, 7, 2),
(19, 7, 15),
(25, 7, 15),
(27, 7, 19),
(20, 7, 25),
(28, 7, 25),
(29, 7, 37),
(26, 7, 42),
(23, 7, 43),
(31, 8, 24),
(30, 8, 41),
(32, 10, 6),
(33, 11, 1),
(34, 12, 1),
(35, 12, 2),
(36, 12, 2),
(39, 13, 2),
(43, 13, 3),
(37, 13, 9),
(41, 13, 13),
(40, 13, 38),
(38, 13, 39),
(42, 13, 40),
(44, 15, 30),
(45, 17, 1),
(48, 17, 2),
(46, 17, 3),
(49, 17, 3),
(47, 17, 29),
(51, 18, 3),
(52, 18, 3),
(50, 18, 18),
(53, 20, 1),
(55, 20, 2),
(58, 20, 2),
(59, 20, 8),
(56, 20, 9),
(54, 20, 28),
(57, 20, 31),
(60, 22, 1),
(62, 22, 1),
(64, 22, 1),
(63, 22, 5),
(61, 22, 33),
(65, 24, 2),
(66, 24, 5),
(67, 24, 32),
(68, 25, 4),
(69, 28, 3),
(70, 29, 1),
(72, 29, 2),
(74, 29, 2),
(75, 29, 8),
(73, 29, 16),
(71, 29, 34),
(76, 30, 2),
(77, 30, 35),
(79, 31, 1),
(80, 31, 1),
(78, 31, 36),
(81, 32, 3),
(82, 32, 19),
(84, 32, 49),
(83, 32, 50),
(85, 33, 1),
(90, 33, 44),
(89, 33, 45),
(88, 33, 46),
(87, 33, 47),
(86, 33, 48),
(91, 33, 58),
(92, 33, 59),
(94, 34, 1),
(93, 34, 2),
(95, 34, 6),
(97, 34, 10),
(96, 34, 54),
(98, 35, 51),
(100, 36, 2),
(99, 36, 20),
(101, 36, 20),
(103, 37, 12),
(102, 37, 53),
(104, 39, 2),
(109, 39, 3),
(108, 39, 6),
(105, 39, 52),
(106, 39, 55),
(107, 39, 57),
(110, 41, 11),
(111, 42, 11),
(112, 43, 21),
(113, 44, 3),
(115, 46, 1),
(114, 46, 3),
(117, 48, 4),
(116, 48, 56),
(118, 49, 1),
(120, 52, 3),
(119, 52, 14),
(121, 52, 61),
(124, 53, 1),
(123, 53, 7),
(122, 53, 23),
(125, 54, 60),
(126, 55, 1),
(127, 55, 2),
(130, 55, 12),
(128, 55, 62),
(129, 55, 63),
(133, 57, 3),
(132, 57, 64),
(131, 57, 65),
(134, 58, 1),
(136, 60, 1),
(135, 60, 2),
(138, 60, 2),
(137, 60, 7),
(139, 60, 13),
(141, 61, 4),
(140, 61, 7),
(142, 62, 7),
(143, 63, 3),
(144, 64, 6),
(145, 67, 1),
(148, 67, 2),
(146, 67, 4),
(150, 67, 4),
(147, 67, 10),
(149, 67, 66),
(151, 68, 17),
(153, 69, 8),
(152, 69, 67),
(154, 71, 1),
(156, 71, 2),
(157, 71, 22),
(155, 71, 24),
(158, 72, 1),
(159, 72, 12),
(160, 72, 13),
(164, 72, 16),
(169, 72, 18),
(161, 72, 21),
(162, 72, 68),
(163, 72, 69),
(165, 72, 70),
(166, 72, 71),
(167, 72, 72),
(168, 72, 73),
(170, 73, 23),
(171, 75, 1),
(172, 75, 17),
(175, 76, 22),
(173, 76, 74),
(174, 76, 75);

-- --------------------------------------------------------

--
-- Table structure for table `recipe_ingredients`
--

CREATE TABLE `recipe_ingredients` (
  `id` int(11) NOT NULL,
  `recipe_id` int(11) NOT NULL,
  `ingredient_id` int(11) NOT NULL
) ENGINE=InnoDB DEFAULT CHARSET=utf8mb4 COLLATE=utf8mb4_general_ci;

--
-- Dumping data for table `recipe_ingredients`
--

INSERT INTO `recipe_ingredients` (`id`, `recipe_id`, `ingredient_id`) VALUES
(2, 1, 46),
(3, 1, 47),
(4, 1, 76),
(1, 1, 81),
(6, 2, 1),
(7, 2, 2),
(5, 2, 3),
(16, 2, 5),
(11, 2, 17),
(18, 2, 17),
(9, 2, 21),
(14, 2, 21),
(8, 2, 23),
(13, 2, 23),
(17, 2, 26),
(10, 2, 32),
(12, 2, 74),
(15, 2, 75),
(21, 3, 1),
(23, 3, 3),
(22, 3, 5),
(25, 3, 13),
(24, 3, 14),
(20, 3, 16),
(26, 3, 20),
(19, 3, 41),
(27, 3, 103),
(31, 4, 4),
(30, 4, 6),
(29, 4, 7),
(32, 4, 30),
(28, 4, 31),
(33, 4, 46),
(35, 5, 1),
(36, 5, 2),
(37, 5, 7),
(42, 5, 18),
(38, 5, 69),
(43, 5, 100),
(41, 5, 101),
(34, 5, 102),
(40, 5, 104),
(39, 5, 105),
(46, 6, 1),
(52, 6, 3),
(49, 6, 4),
(48, 6, 8),
(54, 6, 14),
(47, 6, 24),
(51, 6, 29),
(55, 6, 36),
(44, 6, 78),
(45, 6, 79),
(56, 6, 80),
(53, 6, 98),
(50, 6, 99),
(60, 7, 1),
(63, 7, 2),
(61, 7, 3),
(64, 7, 4),
(59, 7, 6),
(66, 7, 14),
(58, 7, 68),
(57, 7, 71),
(62, 7, 73),
(65, 7, 77),
(69, 8, 1),
(72, 8, 2),
(68, 8, 3),
(74, 8, 4),
(70, 8, 5),
(71, 8, 6),
(67, 8, 7),
(73, 8, 32),
(75, 9, 1),
(77, 9, 2),
(78, 9, 3),
(80, 9, 5),
(76, 9, 6),
(79, 9, 36),
(88, 10, 2),
(89, 10, 4),
(86, 10, 5),
(84, 10, 9),
(90, 10, 10),
(82, 10, 12),
(81, 10, 18),
(85, 10, 31),
(87, 10, 70),
(83, 10, 97),
(94, 11, 1),
(93, 11, 3),
(95, 11, 5),
(92, 11, 15),
(91, 11, 16),
(96, 11, 22),
(97, 11, 72),
(102, 12, 1),
(98, 12, 2),
(105, 12, 3),
(100, 12, 4),
(104, 12, 5),
(101, 12, 6),
(99, 12, 10),
(103, 12, 12),
(107, 12, 17),
(106, 12, 93),
(110, 13, 1),
(112, 13, 2),
(111, 13, 4),
(113, 13, 9),
(108, 13, 13),
(114, 13, 18),
(109, 13, 37),
(120, 14, 1),
(119, 14, 2),
(122, 14, 4),
(118, 14, 6),
(116, 14, 7),
(123, 14, 8),
(115, 14, 9),
(121, 14, 11),
(124, 14, 27),
(125, 14, 28),
(117, 14, 35),
(133, 15, 1),
(134, 15, 2),
(129, 15, 3),
(131, 15, 3),
(130, 15, 14),
(132, 15, 23),
(135, 15, 32),
(128, 15, 92),
(126, 15, 94),
(127, 15, 95),
(136, 16, 3),
(142, 16, 40),
(137, 16, 48),
(141, 16, 49),
(140, 16, 90),
(139, 16, 91),
(138, 16, 96),
(146, 17, 1),
(145, 17, 2),
(150, 17, 3),
(149, 17, 4),
(155, 17, 5),
(147, 17, 7),
(144, 17, 8),
(148, 17, 11),
(151, 17, 12),
(156, 17, 13),
(152, 17, 17),
(154, 17, 25),
(153, 17, 26),
(143, 17, 87),
(163, 18, 13),
(161, 18, 19),
(159, 18, 30),
(162, 18, 84),
(164, 18, 85),
(160, 18, 86),
(157, 18, 88),
(158, 18, 89),
(169, 19, 2),
(167, 19, 4),
(168, 19, 19),
(170, 19, 47),
(165, 19, 67),
(166, 19, 83),
(172, 20, 1),
(171, 20, 2),
(177, 20, 3),
(175, 20, 4),
(180, 20, 5),
(179, 20, 6),
(174, 20, 11),
(178, 20, 14),
(176, 20, 71),
(173, 20, 82),
(191, 21, 2),
(184, 21, 3),
(192, 21, 4),
(181, 21, 6),
(196, 21, 6),
(189, 21, 8),
(190, 21, 10),
(186, 21, 11),
(182, 21, 12),
(195, 21, 12),
(185, 21, 13),
(197, 21, 13),
(194, 21, 17),
(198, 21, 26),
(187, 21, 27),
(193, 21, 38),
(183, 21, 45),
(188, 21, 66),
(201, 22, 4),
(204, 22, 12),
(200, 22, 33),
(202, 22, 50),
(207, 22, 141),
(206, 22, 142),
(205, 22, 143),
(199, 22, 144),
(203, 22, 145),
(209, 23, 1),
(210, 23, 3),
(212, 23, 5),
(211, 23, 6),
(213, 23, 20),
(208, 23, 108),
(214, 24, 1),
(215, 24, 2),
(219, 24, 3),
(220, 24, 5),
(221, 24, 10),
(216, 24, 21),
(225, 24, 21),
(217, 24, 23),
(224, 24, 23),
(222, 24, 36),
(218, 24, 52),
(226, 24, 52),
(227, 24, 53),
(223, 24, 113),
(229, 25, 13),
(232, 25, 19),
(231, 25, 50),
(233, 25, 106),
(230, 25, 107),
(228, 25, 109),
(242, 26, 3),
(238, 26, 6),
(237, 26, 8),
(236, 26, 12),
(240, 26, 13),
(241, 26, 14),
(235, 26, 17),
(234, 26, 111),
(239, 26, 112),
(245, 27, 15),
(243, 27, 16),
(246, 27, 51),
(247, 27, 110),
(248, 27, 119),
(249, 27, 120),
(250, 27, 121),
(244, 27, 122),
(253, 28, 1),
(254, 28, 3),
(258, 28, 6),
(257, 28, 20),
(251, 28, 35),
(255, 28, 116),
(256, 28, 117),
(252, 28, 118),
(264, 29, 1),
(259, 29, 2),
(265, 29, 3),
(262, 29, 4),
(266, 29, 7),
(263, 29, 18),
(260, 29, 56),
(261, 29, 57),
(269, 30, 1),
(273, 30, 2),
(270, 30, 4),
(272, 30, 9),
(267, 30, 13),
(271, 30, 18),
(268, 30, 37),
(282, 31, 1),
(278, 31, 2),
(280, 31, 3),
(281, 31, 5),
(277, 31, 6),
(276, 31, 15),
(275, 31, 16),
(283, 31, 22),
(274, 31, 39),
(279, 31, 72),
(287, 32, 6),
(289, 32, 8),
(288, 32, 12),
(290, 32, 28),
(285, 32, 114),
(284, 32, 115),
(286, 32, 129),
(296, 33, 1),
(294, 33, 7),
(293, 33, 16),
(301, 33, 17),
(297, 33, 34),
(291, 33, 41),
(299, 33, 43),
(300, 33, 123),
(298, 33, 124),
(295, 33, 127),
(292, 33, 128),
(304, 34, 1),
(302, 34, 2),
(303, 34, 4),
(312, 34, 13),
(311, 34, 14),
(310, 34, 19),
(305, 34, 37),
(313, 34, 42),
(308, 34, 65),
(307, 34, 125),
(306, 34, 126),
(314, 34, 132),
(309, 34, 133),
(317, 35, 1),
(316, 35, 2),
(318, 35, 4),
(321, 35, 6),
(320, 35, 9),
(315, 35, 38),
(319, 35, 57),
(325, 36, 1),
(324, 36, 7),
(327, 36, 7),
(330, 36, 8),
(323, 36, 16),
(328, 36, 35),
(331, 36, 44),
(326, 36, 54),
(332, 36, 66),
(329, 36, 130),
(322, 36, 131),
(334, 37, 2),
(336, 37, 4),
(341, 37, 5),
(339, 37, 6),
(335, 37, 26),
(333, 37, 32),
(340, 37, 134),
(338, 37, 135),
(337, 37, 137),
(349, 38, 3),
(347, 38, 4),
(348, 38, 5),
(346, 38, 10),
(344, 38, 14),
(342, 38, 24),
(345, 38, 31),
(350, 38, 64),
(343, 38, 136),
(351, 38, 138),
(353, 39, 1),
(352, 39, 2),
(355, 39, 4),
(358, 39, 5),
(357, 39, 9),
(354, 39, 11),
(359, 39, 48),
(356, 39, 55),
(360, 40, 1),
(364, 40, 2),
(362, 40, 3),
(366, 40, 4),
(367, 40, 10),
(365, 40, 11),
(361, 40, 18),
(368, 40, 24),
(363, 40, 139),
(370, 41, 1),
(372, 41, 3),
(371, 41, 7),
(369, 41, 140),
(373, 41, 150),
(376, 42, 4),
(377, 42, 6),
(375, 42, 12),
(374, 42, 63),
(378, 42, 149),
(383, 43, 9),
(381, 43, 146),
(380, 43, 147),
(379, 43, 148),
(382, 43, 161),
(384, 44, 1),
(386, 44, 2),
(393, 44, 3),
(392, 44, 4),
(391, 44, 8),
(390, 44, 10),
(387, 44, 11),
(394, 44, 13),
(385, 44, 14),
(389, 44, 17),
(388, 44, 177),
(397, 45, 3),
(399, 45, 4),
(396, 45, 6),
(398, 45, 15),
(400, 45, 19),
(403, 45, 58),
(402, 45, 59),
(401, 45, 151),
(395, 45, 153),
(406, 46, 1),
(405, 46, 2),
(408, 46, 4),
(409, 46, 7),
(411, 46, 9),
(407, 46, 11),
(410, 46, 18),
(404, 46, 56),
(417, 47, 1),
(421, 47, 2),
(414, 47, 3),
(420, 47, 4),
(423, 47, 4),
(419, 47, 5),
(426, 47, 5),
(422, 47, 6),
(424, 47, 7),
(425, 47, 9),
(412, 47, 25),
(413, 47, 39),
(418, 47, 60),
(415, 47, 152),
(416, 47, 154),
(429, 48, 1),
(430, 48, 2),
(431, 48, 6),
(427, 48, 155),
(428, 48, 156),
(432, 48, 157),
(436, 49, 1),
(437, 49, 3),
(438, 49, 5),
(439, 49, 15),
(435, 49, 16),
(433, 49, 59),
(434, 49, 158),
(442, 50, 30),
(441, 50, 42),
(440, 50, 159),
(443, 50, 160),
(444, 50, 162),
(446, 51, 34),
(445, 51, 54),
(447, 51, 163),
(449, 52, 1),
(453, 52, 2),
(450, 52, 3),
(455, 52, 4),
(451, 52, 5),
(454, 52, 10),
(452, 52, 15),
(448, 52, 164),
(462, 53, 7),
(459, 53, 9),
(458, 53, 33),
(461, 53, 40),
(457, 53, 49),
(460, 53, 61),
(456, 53, 165),
(463, 53, 166),
(466, 54, 1),
(465, 54, 3),
(472, 54, 5),
(469, 54, 7),
(467, 54, 15),
(471, 54, 25),
(470, 54, 28),
(464, 54, 167),
(468, 54, 168),
(479, 55, 1),
(473, 55, 2),
(482, 55, 3),
(475, 55, 4),
(480, 55, 5),
(477, 55, 6),
(476, 55, 8),
(474, 55, 10),
(478, 55, 12),
(481, 55, 22),
(483, 55, 24),
(491, 56, 19),
(487, 56, 30),
(486, 56, 33),
(489, 56, 42),
(493, 56, 65),
(484, 56, 169),
(485, 56, 170),
(488, 56, 171),
(490, 56, 172),
(492, 56, 173),
(496, 57, 1),
(498, 57, 3),
(497, 57, 5),
(495, 57, 16),
(494, 57, 174),
(502, 58, 1),
(500, 58, 3),
(503, 58, 5),
(499, 58, 16),
(501, 58, 175),
(510, 59, 2),
(512, 59, 5),
(513, 59, 6),
(509, 59, 8),
(508, 59, 12),
(511, 59, 22),
(507, 59, 45),
(504, 59, 176),
(505, 59, 178),
(506, 59, 179),
(515, 60, 4),
(516, 60, 19),
(517, 60, 40),
(518, 60, 58),
(519, 60, 67),
(520, 60, 180),
(514, 60, 181),
(521, 60, 185),
(523, 61, 1),
(531, 61, 1),
(524, 61, 5),
(529, 61, 6),
(525, 61, 8),
(532, 61, 8),
(526, 61, 27),
(530, 61, 43),
(522, 61, 182),
(527, 61, 183),
(528, 61, 184),
(536, 62, 7),
(535, 62, 51),
(534, 62, 186),
(537, 62, 187),
(533, 62, 193),
(541, 63, 2),
(543, 63, 2),
(538, 63, 3),
(542, 63, 11),
(540, 63, 22),
(545, 63, 25),
(544, 63, 53),
(539, 63, 188),
(546, 64, 1),
(551, 64, 2),
(547, 64, 3),
(549, 64, 5),
(548, 64, 6),
(552, 64, 29),
(550, 64, 39),
(554, 65, 1),
(555, 65, 2),
(557, 65, 3),
(560, 65, 4),
(559, 65, 5),
(561, 65, 10),
(562, 65, 11),
(558, 65, 14),
(556, 65, 20),
(553, 65, 38),
(563, 66, 1),
(570, 66, 1),
(567, 66, 2),
(569, 66, 3),
(566, 66, 5),
(572, 66, 8),
(568, 66, 10),
(565, 66, 15),
(571, 66, 17),
(564, 66, 29),
(578, 67, 2),
(573, 67, 3),
(577, 67, 12),
(580, 67, 27),
(576, 67, 28),
(575, 67, 34),
(579, 67, 44),
(574, 67, 63),
(584, 68, 2),
(587, 68, 4),
(582, 68, 8),
(581, 68, 9),
(588, 68, 18),
(583, 68, 29),
(585, 68, 44),
(586, 68, 189),
(590, 69, 1),
(589, 69, 2),
(603, 69, 2),
(592, 69, 4),
(606, 69, 6),
(595, 69, 7),
(593, 69, 9),
(591, 69, 11),
(605, 69, 12),
(598, 69, 20),
(604, 69, 20),
(594, 69, 55),
(602, 69, 64),
(596, 69, 190),
(597, 69, 191),
(599, 69, 192),
(600, 69, 194),
(601, 69, 195),
(607, 69, 196),
(609, 70, 1),
(611, 70, 2),
(612, 70, 4),
(615, 70, 5),
(608, 70, 6),
(614, 70, 7),
(613, 70, 11),
(616, 70, 62),
(610, 70, 69),
(618, 71, 1),
(619, 71, 2),
(624, 71, 6),
(617, 71, 41),
(621, 71, 43),
(620, 71, 62),
(622, 71, 197),
(623, 71, 198),
(627, 72, 1),
(626, 72, 68),
(625, 72, 199),
(628, 72, 200),
(629, 72, 201),
(635, 73, 25),
(633, 73, 33),
(630, 73, 61),
(631, 73, 202),
(632, 73, 203),
(634, 73, 204),
(636, 73, 205),
(637, 73, 206),
(639, 74, 1),
(641, 74, 2),
(645, 74, 2),
(640, 74, 3),
(638, 74, 6),
(644, 74, 20),
(643, 74, 34),
(642, 74, 207),
(646, 75, 1),
(651, 75, 2),
(654, 75, 4),
(650, 75, 5),
(647, 75, 6),
(648, 75, 9),
(653, 75, 10),
(652, 75, 21),
(649, 75, 31),
(655, 75, 70),
(656, 75, 208),
(658, 76, 1),
(660, 76, 2),
(663, 76, 4),
(657, 76, 9),
(662, 76, 10),
(661, 76, 11),
(659, 76, 15),
(665, 76, 24),
(664, 76, 60),
(666, 76, 209);

-- --------------------------------------------------------

--
-- Table structure for table `rel_sizes`
--

CREATE TABLE `rel_sizes` (
  `id` int(11) NOT NULL,
  `name` varchar(255) NOT NULL,
  `count` int(11) NOT NULL DEFAULT 1
) ENGINE=InnoDB DEFAULT CHARSET=utf8mb4 COLLATE=utf8mb4_general_ci;

--
-- Dumping data for table `rel_sizes`
--

INSERT INTO `rel_sizes` (`id`, `name`, `count`) VALUES
(1, 'lg', 23),
(2, 'm', 6),
(3, 'sm', 5),
(4, 'md', 1);

-- --------------------------------------------------------

--
-- Table structure for table `rel_temps`
--

CREATE TABLE `rel_temps` (
  `id` int(11) NOT NULL,
  `name` varchar(255) NOT NULL,
  `count` int(11) NOT NULL DEFAULT 1
) ENGINE=InnoDB DEFAULT CHARSET=utf8mb4 COLLATE=utf8mb4_general_ci;

--
-- Dumping data for table `rel_temps`
--

INSERT INTO `rel_temps` (`id`, `name`, `count`) VALUES
(1, 'high', 2),
(2, 'rm', 2),
(3, 'low', 1);

-- --------------------------------------------------------

--
-- Table structure for table `temp_units`
--

CREATE TABLE `temp_units` (
  `id` int(11) NOT NULL,
  `name` varchar(255) NOT NULL,
  `count` int(11) NOT NULL DEFAULT 1
) ENGINE=InnoDB DEFAULT CHARSET=utf8mb4 COLLATE=utf8mb4_general_ci;

--
-- Dumping data for table `temp_units`
--

INSERT INTO `temp_units` (`id`, `name`, `count`) VALUES
(1, 'F', 67);

-- --------------------------------------------------------

--
-- Table structure for table `time_units`
--

CREATE TABLE `time_units` (
  `id` int(11) NOT NULL,
  `name` varchar(255) NOT NULL,
  `count` int(11) NOT NULL DEFAULT 1
) ENGINE=InnoDB DEFAULT CHARSET=utf8mb4 COLLATE=utf8mb4_general_ci;

--
-- Dumping data for table `time_units`
--

INSERT INTO `time_units` (`id`, `name`, `count`) VALUES
(1, 'min', 52),
(2, 'hr', 6),
(3, 'sec', 2);

-- --------------------------------------------------------

--
-- Table structure for table `vol_units`
--

CREATE TABLE `vol_units` (
  `id` int(11) NOT NULL,
  `name` varchar(255) NOT NULL,
  `count` int(11) NOT NULL DEFAULT 1
) ENGINE=InnoDB DEFAULT CHARSET=utf8mb4 COLLATE=utf8mb4_general_ci;

--
-- Dumping data for table `vol_units`
--

INSERT INTO `vol_units` (`id`, `name`, `count`) VALUES
(1, 'c', 72),
(2, 'tsp', 56),
(3, 'tbsp', 33),
(4, 'qt', 3);

--
-- Indexes for dumped tables
--

--
-- Indexes for table `actions`
--
ALTER TABLE `actions`
  ADD PRIMARY KEY (`id`);

--
-- Indexes for table `cuts`
--
ALTER TABLE `cuts`
  ADD PRIMARY KEY (`id`);

--
-- Indexes for table `equipment`
--
ALTER TABLE `equipment`
  ADD PRIMARY KEY (`id`);

--
-- Indexes for table `ingredients`
--
ALTER TABLE `ingredients`
  ADD PRIMARY KEY (`id`),
  ADD KEY `idx_ingredients_parent_id` (`parent_id`);

--
-- Indexes for table `ingredient_equivalents`
--
ALTER TABLE `ingredient_equivalents`
  ADD PRIMARY KEY (`id`),
  ADD UNIQUE KEY `variant_id` (`variant_id`),
  ADD KEY `idx_equiv_canonical` (`canonical_id`),
  ADD KEY `idx_equiv_variant` (`variant_id`);

--
-- Indexes for table `len_units`
--
ALTER TABLE `len_units`
  ADD PRIMARY KEY (`id`);

--
-- Indexes for table `mass_units`
--
ALTER TABLE `mass_units`
  ADD PRIMARY KEY (`id`);

--
-- Indexes for table `recipes`
--
ALTER TABLE `recipes`
  ADD PRIMARY KEY (`id`),
  ADD UNIQUE KEY `idx_object_id_unique` (`object_id`);

--
-- Indexes for table `recipe_actions`
--
ALTER TABLE `recipe_actions`
  ADD PRIMARY KEY (`id`),
  ADD KEY `recipe_action_idx` (`recipe_id`,`action_id`);

--
-- Indexes for table `recipe_equipment`
--
ALTER TABLE `recipe_equipment`
  ADD PRIMARY KEY (`id`),
  ADD KEY `recipe_equipment_idx` (`recipe_id`,`equipment_id`);

--
-- Indexes for table `recipe_ingredients`
--
ALTER TABLE `recipe_ingredients`
  ADD PRIMARY KEY (`id`),
  ADD KEY `recipe_ingredient_idx` (`recipe_id`,`ingredient_id`);

--
-- Indexes for table `rel_sizes`
--
ALTER TABLE `rel_sizes`
  ADD PRIMARY KEY (`id`);

--
-- Indexes for table `rel_temps`
--
ALTER TABLE `rel_temps`
  ADD PRIMARY KEY (`id`);

--
-- Indexes for table `temp_units`
--
ALTER TABLE `temp_units`
  ADD PRIMARY KEY (`id`);

--
-- Indexes for table `time_units`
--
ALTER TABLE `time_units`
  ADD PRIMARY KEY (`id`);

--
-- Indexes for table `vol_units`
--
ALTER TABLE `vol_units`
  ADD PRIMARY KEY (`id`);

--
-- AUTO_INCREMENT for dumped tables
--

--
-- AUTO_INCREMENT for table `actions`
--
ALTER TABLE `actions`
  MODIFY `id` int(11) NOT NULL AUTO_INCREMENT, AUTO_INCREMENT=161;

--
-- AUTO_INCREMENT for table `cuts`
--
ALTER TABLE `cuts`
  MODIFY `id` int(11) NOT NULL AUTO_INCREMENT;

--
-- AUTO_INCREMENT for table `equipment`
--
ALTER TABLE `equipment`
  MODIFY `id` int(11) NOT NULL AUTO_INCREMENT, AUTO_INCREMENT=76;

--
-- AUTO_INCREMENT for table `ingredients`
--
ALTER TABLE `ingredients`
  MODIFY `id` int(11) NOT NULL AUTO_INCREMENT, AUTO_INCREMENT=210;

--
-- AUTO_INCREMENT for table `ingredient_equivalents`
--
ALTER TABLE `ingredient_equivalents`
  MODIFY `id` int(11) NOT NULL AUTO_INCREMENT, AUTO_INCREMENT=44;

--
-- AUTO_INCREMENT for table `len_units`
--
ALTER TABLE `len_units`
  MODIFY `id` int(11) NOT NULL AUTO_INCREMENT, AUTO_INCREMENT=2;

--
-- AUTO_INCREMENT for table `mass_units`
--
ALTER TABLE `mass_units`
  MODIFY `id` int(11) NOT NULL AUTO_INCREMENT, AUTO_INCREMENT=3;

--
-- AUTO_INCREMENT for table `recipes`
--
ALTER TABLE `recipes`
  MODIFY `id` int(11) NOT NULL AUTO_INCREMENT, AUTO_INCREMENT=77;

--
-- AUTO_INCREMENT for table `recipe_actions`
--
ALTER TABLE `recipe_actions`
  MODIFY `id` int(11) NOT NULL AUTO_INCREMENT, AUTO_INCREMENT=673;

--
-- AUTO_INCREMENT for table `recipe_equipment`
--
ALTER TABLE `recipe_equipment`
  MODIFY `id` int(11) NOT NULL AUTO_INCREMENT, AUTO_INCREMENT=176;

--
-- AUTO_INCREMENT for table `recipe_ingredients`
--
ALTER TABLE `recipe_ingredients`
  MODIFY `id` int(11) NOT NULL AUTO_INCREMENT, AUTO_INCREMENT=667;

--
-- AUTO_INCREMENT for table `rel_sizes`
--
ALTER TABLE `rel_sizes`
  MODIFY `id` int(11) NOT NULL AUTO_INCREMENT, AUTO_INCREMENT=5;

--
-- AUTO_INCREMENT for table `rel_temps`
--
ALTER TABLE `rel_temps`
  MODIFY `id` int(11) NOT NULL AUTO_INCREMENT, AUTO_INCREMENT=4;

--
-- AUTO_INCREMENT for table `temp_units`
--
ALTER TABLE `temp_units`
  MODIFY `id` int(11) NOT NULL AUTO_INCREMENT, AUTO_INCREMENT=2;

--
-- AUTO_INCREMENT for table `time_units`
--
ALTER TABLE `time_units`
  MODIFY `id` int(11) NOT NULL AUTO_INCREMENT, AUTO_INCREMENT=4;

--
-- AUTO_INCREMENT for table `vol_units`
--
ALTER TABLE `vol_units`
  MODIFY `id` int(11) NOT NULL AUTO_INCREMENT, AUTO_INCREMENT=5;

--
-- Constraints for dumped tables
--

--
-- Constraints for table `ingredients`
--
ALTER TABLE `ingredients`
  ADD CONSTRAINT `fk_ingredient_parent` FOREIGN KEY (`parent_id`) REFERENCES `ingredients` (`id`);

--
-- Constraints for table `ingredient_equivalents`
--
ALTER TABLE `ingredient_equivalents`
  ADD CONSTRAINT `ingredient_equivalents_ibfk_1` FOREIGN KEY (`canonical_id`) REFERENCES `ingredients` (`id`) ON DELETE CASCADE,
  ADD CONSTRAINT `ingredient_equivalents_ibfk_2` FOREIGN KEY (`variant_id`) REFERENCES `ingredients` (`id`) ON DELETE CASCADE;

--
-- Constraints for table `recipe_actions`
--
ALTER TABLE `recipe_actions`
  ADD CONSTRAINT `recipe_actions_ibfk_1` FOREIGN KEY (`recipe_id`) REFERENCES `recipes` (`id`) ON DELETE CASCADE,
  ADD CONSTRAINT `recipe_actions_ibfk_2` FOREIGN KEY (`action_id`) REFERENCES `actions` (`id`) ON DELETE CASCADE;

--
-- Constraints for table `recipe_equipment`
--
ALTER TABLE `recipe_equipment`
  ADD CONSTRAINT `recipe_equipment_ibfk_1` FOREIGN KEY (`recipe_id`) REFERENCES `recipes` (`id`) ON DELETE CASCADE,
  ADD CONSTRAINT `recipe_equipment_ibfk_2` FOREIGN KEY (`equipment_id`) REFERENCES `equipment` (`id`) ON DELETE CASCADE;

--
-- Constraints for table `recipe_ingredients`
--
ALTER TABLE `recipe_ingredients`
  ADD CONSTRAINT `recipe_ingredients_ibfk_1` FOREIGN KEY (`recipe_id`) REFERENCES `recipes` (`id`) ON DELETE CASCADE,
  ADD CONSTRAINT `recipe_ingredients_ibfk_2` FOREIGN KEY (`ingredient_id`) REFERENCES `ingredients` (`id`) ON DELETE CASCADE;
COMMIT;

/*!40101 SET CHARACTER_SET_CLIENT=@OLD_CHARACTER_SET_CLIENT */;
/*!40101 SET CHARACTER_SET_RESULTS=@OLD_CHARACTER_SET_RESULTS */;
/*!40101 SET COLLATION_CONNECTION=@OLD_COLLATION_CONNECTION */;
